agente,caso,n,k,m,semilla,estado,legal,colocadas,ocupadas,mayor,tiempo,esfuerzo,unidad_esfuerzo,dentro_del_limite,detalle
search,N4_K3,4,3,80,1,ok,True,80,5,147,0.001,81,nodos,True,victory
evo,N4_K3,4,3,80,1,ok,True,80,3,155,0.93,713,evaluaciones,True,estancamiento
search,N4_K3,4,3,80,2,ok,True,80,3,177,0.003,81,nodos,True,victory
evo,N4_K3,4,3,80,2,ok,True,80,3,177,0.941,713,evaluaciones,True,estancamiento
search,N4_K3,4,3,80,3,ok,True,80,3,154,0.001,81,nodos,True,victory
evo,N4_K3,4,3,80,3,ok,True,80,3,154,1.082,715,evaluaciones,True,estancamiento
search,N4_K6,4,6,80,1,ok,True,80,10,93,0.002,81,nodos,True,victory
evo,N4_K6,4,6,80,1,ok,True,80,6,94,0.781,708,evaluaciones,True,estancamiento
search,N4_K6,4,6,80,2,ok,True,80,13,73,0.002,168,nodos,True,victory
evo,N4_K6,4,6,80,2,ok,True,80,6,105,0.818,764,evaluaciones,True,estancamiento
search,N4_K6,4,6,80,3,ok,True,80,11,77,0.002,255,nodos,True,victory
evo,N4_K6,4,6,80,3,ok,True,80,6,85,0.787,719,evaluaciones,True,estancamiento
search,N4_K12,4,12,80,1,ok,True,0,0,0,5.0,750877,nodos,True,timeout
evo,N4_K12,4,12,80,1,ok,True,46,16,33,0.426,759,evaluaciones,True,estancamiento
search,N4_K12,4,12,80,2,ok,True,0,0,0,5.0,732772,nodos,True,timeout
evo,N4_K12,4,12,80,2,ok,True,41,16,37,0.338,765,evaluaciones,True,estancamiento
search,N4_K12,4,12,80,3,ok,True,0,0,0,5.0,686886,nodos,True,timeout
evo,N4_K12,4,12,80,3,ok,True,62,16,52,0.868,1499,evaluaciones,True,estancamiento
search,N6_K3,6,3,180,1,ok,True,180,3,323,0.005,181,nodos,True,victory
evo,N6_K3,6,3,180,1,ok,True,180,3,323,3.923,713,evaluaciones,True,estancamiento
search,N6_K3,6,3,180,2,ok,True,180,4,342,0.005,181,nodos,True,victory
evo,N6_K3,6,3,180,2,ok,True,180,3,342,4.125,715,evaluaciones,True,estancamiento
search,N6_K3,6,3,180,3,ok,True,180,3,312,0.005,181,nodos,True,victory
evo,N6_K3,6,3,180,3,ok,True,180,3,312,4.082,718,evaluaciones,True,estancamiento
search,N6_K6,6,6,180,1,ok,True,180,12,145,0.004,181,nodos,True,victory
evo,N6_K6,6,6,180,1,ok,True,180,6,163,3.809,704,evaluaciones,True,estancamiento
search,N6_K6,6,6,180,2,ok,True,180,8,168,0.009,181,nodos,True,victory
evo,N6_K6,6,6,180,2,ok,True,180,6,175,3.795,709,evaluaciones,True,estancamiento
search,N6_K6,6,6,180,3,ok,True,180,9,172,0.004,181,nodos,True,victory
evo,N6_K6,6,6,180,3,ok,True,180,6,177,3.638,715,evaluaciones,True,estancamiento
search,N6_K12,6,12,180,1,ok,True,180,36,76,2.909,365425,nodos,True,victory
evo,N6_K12,6,12,180,1,ok,True,180,12,90,3.492,793,evaluaciones,True,estancamiento
search,N6_K12,6,12,180,2,ok,True,0,0,0,5.0,592156,nodos,True,timeout
evo,N6_K12,6,12,180,2,ok,True,180,12,103,3.248,711,evaluaciones,True,estancamiento
search,N6_K12,6,12,180,3,ok,True,0,0,0,5.0,442192,nodos,True,timeout
evo,N6_K12,6,12,180,3,ok,True,180,12,117,3.802,797,evaluaciones,True,estancamiento
search,N8_K3,8,3,320,1,ok,True,320,3,599,0.013,321,nodos,True,victory
evo,N8_K3,8,3,320,1,ok,True,320,3,599,4.977,312,evaluaciones,True,tiempo
search,N8_K3,8,3,320,2,ok,True,320,5,473,0.015,321,nodos,True,victory
evo,N8_K3,8,3,320,2,ok,True,320,3,641,4.973,302,evaluaciones,True,tiempo
search,N8_K3,8,3,320,3,ok,True,320,3,589,0.014,321,nodos,True,victory
evo,N8_K3,8,3,320,3,ok,True,320,3,589,5.0,310,evaluaciones,True,tiempo
search,N8_K6,8,6,320,1,ok,True,320,10,319,0.023,321,nodos,True,victory
evo,N8_K6,8,6,320,1,ok,True,320,6,319,4.971,340,evaluaciones,True,tiempo
search,N8_K6,8,6,320,2,ok,True,320,10,292,0.013,321,nodos,True,victory
evo,N8_K6,8,6,320,2,ok,True,320,6,342,4.999,337,evaluaciones,True,tiempo
search,N8_K6,8,6,320,3,ok,True,320,10,293,0.015,321,nodos,True,victory
evo,N8_K6,8,6,320,3,ok,True,320,6,297,4.982,318,evaluaciones,True,tiempo
search,N8_K12,8,12,320,1,ok,True,320,44,150,0.01,321,nodos,True,victory
evo,N8_K12,8,12,320,1,ok,True,320,12,172,4.984,374,evaluaciones,True,tiempo
search,N8_K12,8,12,320,2,ok,True,320,62,90,3.741,404930,nodos,True,victory
evo,N8_K12,8,12,320,2,ok,True,320,12,178,4.991,360,evaluaciones,True,tiempo
search,N8_K12,8,12,320,3,ok,True,320,33,165,0.01,321,nodos,True,victory
evo,N8_K12,8,12,320,3,ok,True,320,12,165,4.971,348,evaluaciones,True,tiempo
